Title,Channel,View,Like,Dislike,Comment,Published,UploadYear,Category
The Gummy Bear Song - Long English Version,icanrockyourworld,2475627897,"62,07,057","22,43,944","3,11,856",09-10-2007,2007,Non-Musical
Numb [Official Music Video] - Linkin Park,Linkin Park,1620272015,"1,02,26,625","2,32,594","5,22,601",05-03-2007,2007,Musical
Osito Gominola - Full Spanish Version - The Gummy Bear Song,icanrockyourworld,1087284666,"31,08,119","14,30,448","68,778",16-10-2007,2007,Non-Musical
Queen – Bohemian Rhapsody (Official Video Remastered),Queen Official,1341482037,"92,43,884","2,92,024","5,92,640",01-08-2008,2008,Musical
Katy Perry - Hot N Cold (Official),KatyPerryVEVO,1040958219,"44,35,283","2,12,450","1,84,705",14-10-2008,2008,Musical
Crazy Frog - Axel F (Official Video),Crazy Frog,2843178049,"1,17,64,015","21,83,392","6,10,943",17-06-2009,2009,Musical
Guns N' Roses - November Rain,GunsNRosesVEVO,1651105624,"55,53,271","3,09,436","2,87,451",25-12-2009,2009,Musical
Lady Gaga - Bad Romance (Official Music Video),LadyGagaVEVO,1409449536,"64,57,312","4,66,034","8,61,679",24-11-2009,2009,Musical
Nirvana - Smells Like Teen Spirit (Official Music Video),NirvanaVEVO,1291529554,"87,94,701","2,33,948","4,43,970",16-06-2009,2009,Musical
Guns N' Roses - Sweet Child O' Mine (Official Music Video),GunsNRosesVEVO,1259477250,"56,85,870","2,27,380","2,05,455",25-12-2009,2009,Musical
In The End [Official HD Music Video] - Linkin Park,Linkin Park,1216642346,"79,99,120","1,94,876","3,71,429",26-10-2009,2009,Musical
Taylor Swift - You Belong With Me,TaylorSwiftVEVO,1203648696,"72,19,830","2,28,983","3,99,269",16-06-2009,2009,Musical
50 Cent - In Da Club (Official Music Video),50CentVEVO,1180464279,"63,61,247","2,39,504","2,29,195",16-06-2009,2009,Musical
Beyoncé - Halo,BeyoncéVEVO,1170122923,"57,80,491","1,88,590","1,87,253",03-10-2009,2009,Musical
Eminem - Without Me (Official Music Video),EminemVEVO,1161947420,"75,30,138","2,24,271","2,95,422",16-06-2009,2009,Musical
The Cranberries - Zombie (Official Music Video),TheCranberriesVEVO,1115110063,"56,99,095","2,23,128","2,85,602",16-06-2009,2009,Musical
System Of A Down - Chop Suey! (Official Video),systemofadownVEVO,1071511222,"58,61,730","2,52,667","3,17,378",03-10-2009,2009,Musical
Michael Jackson - Billie Jean (Official Video),michaeljacksonVEVO,1006349546,"66,70,950","2,01,893","4,45,661",03-10-2009,2009,Musical
Bon Jovi - It's My Life (Official Music Video),Bon Jovi,1006067409,"49,00,000","1,65,000",153000,17-06-2009,2009,Musical
Nelly - Dilemma (Official Music Video) ft. Kelly Rowland,NellyVEVO,1001715373,5200000,195000,140000,06-10-2009,2009,Musical
Shakira - Waka Waka (This Time for Africa) (The Official 2010 FIFA World Cup™ Song),shakiraVEVO,2852681316,"1,43,01,269","8,12,165","11,30,950",04-06-2010,2010,Musical
Justin Bieber - Baby (Official Music Video) ft. Ludacris,JustinBieberVEVO,2513015405,"1,81,10,484","1,22,36,502","47,52,270",19-02-2010,2010,Musical
Eminem - Love The Way You Lie ft. Rihanna,EminemVEVO,2239991667,"1,07,43,773","3,67,570","5,79,905",05-08-2010,2010,Musical
Adele - Rolling in the Deep (Official Music Video),AdeleVEVO,1837135437,"83,95,998","2,78,595","3,70,158",30-11-2010,2010,Musical
Twinkle Twinkle Little Star,Super Simple Songs - Kids Songs,1694673364,"32,23,818","18,65,340","22,705",05-09-2010,2010,Non-Musical
Bruno Mars - Just The Way You Are (Official Music Video),Bruno Mars,1626185896,"64,45,833","2,27,496","2,32,273",08-09-2010,2010,Musical
Eminem - Not Afraid (Official Video),EminemVEVO,1539790566,"98,10,903","2,57,254","8,43,570",05-06-2010,2010,Musical
Katy Perry - Firework (Official Music Video),KatyPerryVEVO,1315336516,"53,78,855","2,50,522","4,36,041",28-10-2010,2010,Musical
a-ha - Take On Me (Official Video) [Remastered in 4K],a-ha,1292646195,"70,04,163","2,07,529","2,83,807",06-01-2010,2010,Musical
Don Omar - Danza Kuduro ft. Lucenzo,DonOmarVEVO,1199206396,"40,47,163","1,97,420","2,16,883",11-08-2010,2010,Musical
Whitney Houston - I Will Always Love You (Official 4K Video),whitneyhoustonVEVO,1117264393,"64,91,688","2,32,658","2,64,359",28-09-2010,2010,Musical
"OFFICIAL Somewhere over the Rainbow - Israel ""IZ"" Kamakawiwoʻole",Mountain Apple Company Inc,1089825452,"74,90,152","2,84,759","3,62,877",12-04-2010,2010,Musical
Bruno Mars - Grenade (Official Music Video),Bruno Mars,1025584443,"45,86,343","1,27,102","2,91,890",22-11-2010,2010,Musical
Justin Bieber - Never Say Never (Official Music Video) ft. Jaden Smith,JustinBieberVEVO,1017644821,"61,52,564","7,06,492","4,75,358",27-05-2010,2010,Musical
Bruno Mars - The Lazy Song (Official Music Video),Bruno Mars,2148545217,"1,10,96,723","5,98,590","5,00,836",15-04-2011,2011,Musical
"LMFAO ft. Lauren Bennett, GoonRock - Party Rock Anthem (Official Video)",LMFAOVEVO,2036987743,"94,78,492","4,64,027","6,35,389",09-03-2011,2011,Musical
Christina Perri - A Thousand Years [Official Music Video],Christina Perri,1870042459,"1,14,05,843","2,80,225","4,46,621",26-10-2011,2011,Musical
"हनुमान चालीसा Hanuman Chalisa I GULSHAN KUMAR I HARIHARAN, Full HD Video I Shree Hanuman Chalisa",T-Series Bhakti Sagar,1792238397,"66,91,586","10,27,924","6,72,352",10-05-2011,2011,Non-Musical
Jennifer Lopez - On The Floor ft. Pitbull,JenniferLopezVEVO,1747594391,"65,29,164","3,33,576","4,06,290",04-03-2011,2011,Musical
Adele - Someone Like You (Official Music Video),AdeleVEVO,1716431592,"80,91,706","2,69,483","3,21,442",29-09-2011,2011,Musical
Gotye - Somebody That I Used To Know (feat. Kimbra) [Official Music Video],gotyemusic,1708554092,"1,10,97,244","4,52,042","7,21,652",05-07-2011,2011,Musical
David Guetta - Titanium ft. Sia (Official Video),David Guetta,1468167451,"71,50,641","2,12,747","2,84,876",21-12-2011,2011,Musical
Coldplay - Paradise (Official Video),Coldplay,1458445732,"69,53,546","1,91,874","3,29,233",19-10-2011,2011,Musical
Katy Perry - Last Friday Night (T.G.I.F.) (Official Music Video),KatyPerryVEVO,1347972076,"58,16,490","4,01,241","4,19,028",12-06-2011,2011,Musical
Pollito Amarillito ORIGINAL - Gallina Pintadita 1 - Oficial - Canciones infantiles,Gallina Pintadita,1324147028,"23,86,689","14,78,087","26,998",10-08-2011,2011,Non-Musical
One Direction - What Makes You Beautiful (Official Video),OneDirectionVEVO,1273048532,"93,05,043","4,78,814","11,38,096",19-08-2011,2011,Musical
Mariposita ORIGINAL - Gallina Pintadita 2 - Oficial - Canciones infantiles para niños y bebés,Gallina Pintadita,1220555512,"28,70,871","16,79,961","11,570",18-08-2011,2011,Non-Musical
3yo William Diving down to get his 'Toypedo' torpedo,STWill2011,1153336493,"18,08,440","9,61,637",NULL,09-04-2011,2011,Non-Musical
Pitbull - Rain Over Me ft. Marc Anthony,PitbullVEVO,1098433891,"36,18,462","1,56,783","1,70,301",22-07-2011,2011,Musical
4 Non Blondes - What's Up (Official Music Video),4NonBlondesVEVO,1087933460,"46,93,354","2,32,269","1,55,998",23-02-2011,2011,Musical
Michel Teló - Ai Se Eu Te Pego - Video Oficial (Assim você me mata),Michel Teló,1004053063,3900000,222000,335000,25-07-2011,2011,Musical
Маша и Медведь (Masha and The Bear) - Маша плюс каша (17 Серия),Get Movies,4440617686,"75,98,426","41,93,900","11,444",31-01-2012,2012,Non-Musical
PSY - GANGNAM STYLE(강남스타일) M/V,officialpsy,4094903877,"2,19,13,239","27,72,924","52,51,038",15-07-2012,2012,Musical
Passenger | Let Her Go (Official Video),Passenger,3009749991,"1,28,16,175","3,79,334","4,09,151",25-07-2012,2012,Musical
Rihanna - Diamonds,RihannaVEVO,1748542401,"83,01,920","3,56,752","3,70,872",09-11-2012,2012,Musical
"Sesame Street: Healthy Teeth, Healthy Me: Brushy Brush PSA",Sesame Street,1626622370,"41,62,035","28,97,763","13,105",01-03-2012,2012,Non-Musical
MACKLEMORE & RYAN LEWIS - THRIFT SHOP FEAT. WANZ (OFFICIAL VIDEO),Macklemore LLC,1577830837,"1,02,20,362","3,54,261","5,05,866",29-08-2012,2012,Musical
PULCINO PIO - El Pollito Pio (Official video),PULCINO PIO,1418409405,"35,26,114","11,87,705","1,31,320",29-11-2012,2012,Musical
Маша и Медведь (Masha and The Bear) - Приятного аппетита (24 Серия),Get Movies,1412598847,"19,94,240","10,81,798","1,163",21-09-2012,2012,Non-Musical
Carly Rae Jepsen - Call Me Maybe,CarlyRaeJepsenVEVO,1361737127,"70,72,488","3,47,000","6,14,880",01-03-2012,2012,Musical
Imagine Dragons - Radioactive,ImagineDragonsVEVO,1290363181,"82,08,174","2,42,447","3,35,427",10-12-2012,2012,Musical
Dona Aranha - Galinha Pintadinha 3 - OFICIAL,Galinha Pintadinha,1259466173,"32,55,336","20,23,728","10,843",18-07-2012,2012,Non-Musical
Маша и Медведь (Masha and The Bear) - Большая стирка (18 Серия),Get Movies,1254965545,"17,68,195","10,06,849",765,31-01-2012,2012,Non-Musical
Daddy Yankee - Limbo (Video Oficial),DaddyYankeeVEVO,1114662294,"37,56,790","2,04,625","1,41,856",27-10-2012,2012,Musical
Katy Perry - Roar (Official),KatyPerryVEVO,3370773515,"1,35,06,741","9,87,354","7,39,410",05-09-2013,2013,Musical
OneRepublic - Counting Stars (Official Music Video),OneRepublicVEVO,3321795266,"1,37,85,991","4,29,537","4,42,562",31-05-2013,2013,Musical
Old MacDonald Had a Farm - Kids nursery rhymes,Bounce Patrol - Kids Songs,2368765688,"70,54,247","53,55,205","10,243",12-11-2013,2013,Non-Musical
Avicii - Wake Me Up (Official Video),AviciiOfficialVEVO,2071921246,"1,01,49,735","2,98,131","6,14,660",29-07-2013,2013,Musical
MAGIC! - Rude (Official Video),ournameismagicVEVO,2065787665,"91,39,865","3,21,881","2,32,985",06-12-2013,2013,Musical
John Legend - All of Me (Official Video),johnlegendVEVO,1944888072,"1,05,92,284","3,20,880","2,30,627",02-10-2013,2013,Musical
Romeo Santos - Propuesta Indecente (Official Video),RomeoSantosVEVO,1760124756,"41,54,631","3,00,998","1,23,066",09-09-2013,2013,Musical
Martin Garrix - Animals (Official Video),Spinnin' Records,1500890178,"99,62,597","3,33,926","3,25,820",17-06-2013,2013,Musical
Ellie Goulding - Burn (Official Video),EllieGouldingVEVO,1457975578,"53,84,704","1,83,264","1,80,768",07-07-2013,2013,Musical
PSY - GENTLEMAN M/V,officialpsy,1409779244,"69,25,580","9,29,854","9,75,199",13-04-2013,2013,Musical
Pitbull - Timber ft. Ke$ha,PitbullVEVO,1301446049,"48,65,457","2,51,351","1,51,478",25-11-2013,2013,Musical
P!nk - Just Give Me A Reason ft. Nate Ruess,PinkVEVO,1295816621,"53,71,022","1,98,610","1,55,561",05-02-2013,2013,Musical
Prince Royce - Darte un Beso,PrinceRoyceVEVO,1238906945,"38,28,746","2,06,380","1,48,064",20-08-2013,2013,Musical
Eminem - Rap God (Explicit),EminemVEVO,1233323340,"1,62,60,864","4,82,519","11,74,209",27-11-2013,2013,Musical
Finger Family Collection - 7 Finger Family Songs - Daddy Finger Nursery Rhymes,Videogyan Nursery Rhymes - Kids Songs & Cartoons,1222652966,NULL,NULL,"37,956",30-10-2013,2013,Non-Musical
Arctic Monkeys - Do I Wanna Know? (Official Video),Official Arctic Monkeys,1182638281,"67,74,709","1,85,814","1,45,091",19-06-2013,2013,Musical
Miley Cyrus - Wrecking Ball (Official Video),MileyCyrusVEVO,1121234378,"62,68,172","16,12,520","10,96,246",09-09-2013,2013,Musical
Pharrell Williams - Happy (Official Music Video),iamOTHER,1099169359,"47,72,096","2,53,027","1,61,538",22-11-2013,2013,Musical
Naughty Boy - La la la ft. Sam Smith (Official Video),NaughtyBoyVEVO,1093694457,"61,48,953","3,55,753","3,25,561",18-04-2013,2013,Musical
"David Guetta - Play Hard ft. Ne-Yo, Akon (Official Video)",David Guetta,1056060303,"33,56,483","1,75,005","1,17,460",22-04-2013,2013,Musical
Bruno Mars - When I Was Your Man (Official Music Video),Bruno Mars,1035761619,"53,48,116","1,37,662","1,80,141",05-02-2013,2013,Musical
Ylvis - The Fox (What Does The Fox Say?) [Official music video HD],discovery plus Norge,1014334052,"78,08,334","7,93,753","9,84,262",03-09-2013,2013,Musical
Marc Anthony - Vivir Mi Vida (Official Video),marcanthonyVEVO,1014281677,"25,69,083","1,96,041","79,570",10-09-2013,2013,Musical
Mark Ronson - Uptown Funk (Official Video) ft. Bruno Mars,MarkRonsonVEVO,4206255682,"1,67,75,020","9,54,056","5,69,149",19-11-2014,2014,Musical
Phonics Song with TWO Words - A For Apple - ABC Alphabet Songs with Sounds for Children,ChuChu TV Nursery Rhymes & Kids Songs,3937470290,NULL,NULL,425,06-03-2014,2014,Non-Musical
Ed Sheeran - Thinking Out Loud (Official Music Video),Ed Sheeran,3274015668,"1,27,70,847","5,40,644","3,45,427",07-10-2014,2014,Musical
Katy Perry - Dark Horse (Official) ft. Juicy J,KatyPerryVEVO,3088777637,"1,34,24,850","12,98,314","7,65,331",20-02-2014,2014,Musical
Taylor Swift - Shake It Off,TaylorSwiftVEVO,3067472589,"1,06,58,441","10,29,943","5,58,655",18-08-2014,2014,Musical
"Enrique Iglesias - Bailando ft. Descemer Bueno, Gente De Zona (Español)",EnriqueIglesiasVEVO,3048131197,"83,73,535","5,47,287","2,51,831",11-04-2014,2014,Musical
Taylor Swift - Blank Space,TaylorSwiftVEVO,2802067565,"1,18,67,930","7,21,243","6,08,279",10-11-2014,2014,Musical
FROZEN | Let It Go Sing-along | Official Disney UK,Disney UK,2503181557,"64,06,546","15,61,979","1,88,458",30-01-2014,2014,Non-Musical
Meghan Trainor - All About That Bass,MeghanTrainorVEVO,2456312798,"85,50,116","8,76,797","4,89,072",11-06-2014,2014,Musical
Wheels On The Bus | Nursery Rhymes for Babies | Learn with Little Baby Bum | ABCs and 123s,Little Baby Bum - Nursery Rhymes & Kids Songs,2398738218,NULL,NULL,"2,938",09-08-2014,2014,Non-Musical
Sia - Chandelier (Official Video),SiaVEVO,2396665192,"1,09,78,292","5,98,119","5,63,022",06-05-2014,2014,Musical
I WANT SUMO | Doritos Commercial,bbosley,1837425366,"32,34,090","15,74,869","41,101",07-11-2014,2014,Non-Musical
Johny Johny Yes Papa and Many More Videos | Popular Nursery Rhymes Collection by ChuChu TV,ChuChu TV Nursery Rhymes & Kids Songs,1826153385,NULL,NULL,NULL,14-11-2014,2014,Non-Musical
J. Balvin - Ay Vamos (Official Video),jbalvinVEVO,1783081834,"46,89,125","2,97,757","1,27,566",29-08-2014,2014,Musical
"Jessie J, Ariana Grande, Nicki Minaj - Bang Bang (Official Video)",JessieJVEVO,1686151582,"90,82,393","4,15,721","2,67,388",26-08-2014,2014,Musical
ChuChu TV Numbers Song - NEW Short Version - Number Rhymes For Children,ChuChu TV Nursery Rhymes & Kids Songs,1513765426,NULL,NULL,552,21-08-2014,2014,Non-Musical
Calvin Harris - Summer (Official Video),CalvinHarrisVEVO,1472680452,"51,67,097","1,98,847","1,20,640",06-04-2014,2014,Musical
El Gallo y la Pata - Canciones de la Granja de Zenón 2,El Reino Infantil,1394456233,"32,31,626","20,53,507","6,378",15-03-2014,2014,Musical
Sam Smith - I'm Not The Only One (Official Video),SamSmithVEVO,1368425597,"53,25,630","1,85,722","1,30,648",01-08-2014,2014,Non-Musical
Ariana Grande ft. Iggy Azalea - Problem (Official Video),ArianaGrandeVevo,1291515332,"62,29,034","3,28,857","2,86,072",30-05-2014,2014,Musical
AronChupa - I'm an Albatraoz | OFFICIAL VIDEO,AronChupaVEVO,1251839654,"93,43,031","3,27,264","2,64,981",13-10-2014,2014,Musical
La Vaca Lola - Canciones de La Granja de Zenón 2,El Reino Infantil,1236278565,"31,34,964","18,11,322","23,735",12-04-2014,2014,Musical
Shakira - La La La (Brazil 2014) ft. Carlinhos Brown,shakiraVEVO,1174048830,"55,61,137","3,32,926","2,64,651",22-05-2014,2014,Musical
Mascha und der Bär - Folge 2: Das Mascha Speziale,EUROPA Kinderprogramm,1172874072,"20,77,626","13,44,680",NULL,15-07-2014,2014,Non-Musical
ABC SONG | ABC Songs for Children - 13 Alphabet Songs & 26 Videos,Cocomelon - Nursery Rhymes,1136319384,"15,78,965","8,91,607","13,655",01-05-2014,2014,Non-Musical
Shakira - Can't Remember to Forget You (Official Video) ft. Rihanna,shakiraVEVO,1128794574,"52,42,618","3,34,103","2,52,198",31-01-2014,2014,Musical
Rahat Fateh Ali Khan - Zaroori Tha,RahatFAKhanVEVO,1110384055,"53,16,411","5,51,555","2,81,041",09-06-2014,2014,Musical
Ariana Grande - Break Free ft. Zedd,ArianaGrandeVevo,1102350314,"54,81,016","3,40,149","3,18,319",13-08-2014,2014,Musical
J Balvin - 6 AM ft. Farruko (Official Video),jbalvinVEVO,1099594447,"23,66,185","1,38,624","61,484",04-04-2014,2014,Musical
Enrique Iglesias - El Perdedor (Pop) ft. Marco Antonio Solís,EnriqueIglesiasVEVO,1089941266,"32,83,328","1,87,010","91,882",20-01-2014,2014,Musical
Sam Smith - Stay With Me (Official Video),SamSmithVEVO,1088297303,"48,39,445","1,62,177","1,24,287",28-03-2014,2014,Musical
"Chris Brown - Loyal (Official Video) ft. Lil Wayne, Tyga",ChrisBrownVEVO,1087553555,"43,48,520","2,32,650","1,44,444",24-03-2014,2014,Musical
Los Ángeles Azules - Mis Sentimientos ft. Ximena Sariñana (Live),LosAngelesAzulesVEVO,1057241660,"16,66,880","2,15,659","64,013",01-08-2014,2014,Musical
"DJ Snake, Lil Jon - Turn Down for What",DJSnakeVEVO,1048067392,"88,09,421","5,72,075","3,92,675",14-03-2014,2014,Musical
Travesuras - Nicky Jam | Video Oficial,NickyJamTV,1047837521,"22,95,655","1,76,312","63,388",03-07-2014,2014,Musical
Iggy Azalea - Fancy ft. Charli XCX (Official Music Video),iggyazaleamusicVEVO,1043333303,"50,65,157","3,43,544","2,50,209",04-03-2014,2014,Musical
Five Little Ducks | Learn with Little Baby Bum | Nursery Rhymes for Babies | ABCs and 123s,Little Baby Bum - Nursery Rhymes & Kids Songs,1020846807,"12,12,181","7,71,321","4,396",24-10-2014,2014,Non-Musical
Nicki Minaj - Anaconda,NickiMinajAtVEVO,1014311030,"59,66,003","17,18,090","8,03,269",20-08-2014,2014,Musical
Wiz Khalifa - See You Again ft. Charlie Puth [Official Video] Furious 7 Soundtrack,Wiz Khalifa,5146686202,"3,44,24,949","9,81,088","21,04,241",07-04-2015,2015,Musical
Maroon 5 - Sugar (Official Music Video),Maroon5VEVO,3489441142,"1,35,03,401","5,59,287","4,03,293",14-01-2015,2015,Musical
Justin Bieber - Sorry (PURPOSE : The Movement),JustinBieberVEVO,3443029814,"1,43,15,330","16,71,467","8,59,514",22-10-2015,2015,Musical
Alan Walker - Faded,Alan Walker,3083999955,"2,32,79,104","6,08,892","12,24,461",04-12-2015,2015,Musical
Major Lazer & DJ Snake - Lean On (feat. MØ) (Official Music Video),Major Lazer Official,3052849027,"1,42,11,410","5,86,525","4,36,447",23-03-2015,2015,Musical
Adele - Hello,AdeleVEVO,2846280923,"1,67,69,042","8,72,484","9,23,273",23-10-2015,2015,Musical
twenty one pilots: Stressed Out [OFFICIAL VIDEO],Fueled By Ramen,2322208671,"1,54,92,123","5,01,321","6,10,700",28-04-2015,2015,Musical
Ellie Goulding - Love Me Like You Do (Official Video),EllieGouldingVEVO,2201160229,"1,10,87,107","4,24,865","2,80,809",22-01-2015,2015,Musical
Justin Bieber - What Do You Mean? (Official Music Video),JustinBieberVEVO,2154981259,"95,57,680","11,68,445","5,20,609",31-08-2015,2015,Musical
Fifth Harmony - Worth It (Official Video) ft. Kid Ink,FifthHarmonyVEVO,1980460139,"96,78,569","4,53,091","3,33,774",28-03-2015,2015,Musical
Silentó - Watch Me (Whip/Nae Nae) (Official),SilentoVEVO,1815906875,"97,42,045","10,24,773","4,55,852",25-06-2015,2015,Musical
Drake - Hotline Bling,DrakeVEVO,1748528640,"92,35,037","6,65,702","4,28,069",26-10-2015,2015,Musical
The Weeknd - The Hills (Official Video),TheWeekndVEVO,1686552518,"98,75,905","3,79,023","2,96,192",27-05-2015,2015,Musical
Justin Bieber - Love Yourself (Official Music Video),JustinBieberVEVO,1610776123,"73,84,852","5,01,959","2,49,807",14-11-2015,2015,Musical
"David Guetta - Hey Mama (Official Video) ft Nicki Minaj, Bebe Rexha & Afrojack",David Guetta,1463304890,"67,09,093","2,93,935","1,55,161",19-05-2015,2015,Musical
Calvin Harris & Disciples - How Deep Is Your Love,CalvinHarrisVEVO,1451459899,"50,80,376","2,26,419","1,26,841",06-08-2015,2015,Musical
Taylor Swift - Bad Blood ft. Kendrick Lamar,TaylorSwiftVEVO,1439672244,"81,19,106","5,64,985","4,57,298",18-05-2015,2015,Musical
Surprise Eggs Nursery Rhymes | Old MacDonald Had A Farm | Learn Colours & Farm Animals | ChuChu TV,ChuChu TV Nursery Rhymes & Kids Songs,1369158547,"25,40,717","19,63,265",813,22-09-2015,2015,Non-Musical
Shawn Mendes - Stitches (Official Video),ShawnMendesVEVO,1362105199,"98,69,498","2,91,043","4,22,424",25-06-2015,2015,Musical
Gente de Zona - La Gozadera (Official Video) ft. Marc Anthony,GenteDeZonaVEVO,1341654973,"30,13,017","1,96,495","1,47,257",05-06-2015,2015,Musical
21. El Perdón - Nicky Jam y Enrique Iglesias [Official Music Video YTMAs],NickyJamTV,1333457815,"37,98,192","2,07,848","95,283",23-03-2015,2015,Musical
Joey Montana - Picky,JoeyMontanaVEVO,1283857427,"34,38,454","3,77,214","2,15,782",29-06-2015,2015,Musical
Ricky Martin - La Mordidita (Official Video) ft. Yotuel,RickyMartinVEVO,1214642800,"21,99,405","2,23,799","66,097",12-06-2015,2015,Musical
Coldplay - Adventure Of A Lifetime (Official Video),Coldplay,1194465886,"45,81,686","2,60,627","1,48,160",29-11-2015,2015,Musical
The Weeknd - Can't Feel My Face (Official Video),TheWeekndVEVO,1190947217,"57,09,728","2,13,809","1,88,965",29-07-2015,2015,Musical
Ten Little Buses - From Wheels On The Bus | Little Baby Bum - Nursery Rhymes for Kids,Little Baby Bum - Nursery Rhymes & Kids Songs,1185436678,"31,41,912","27,23,614",78,20-05-2015,2015,Non-Musical
"Skrillex and Diplo - ""Where Are Ü Now"" with Justin Bieber (Official Video)",Jack Ü,1180269410,"55,97,675","3,44,674","3,07,230",29-06-2015,2015,Musical
Sia - Elastic Heart feat. Shia LaBeouf & Maddie Ziegler (Official Video),SiaVEVO,1167269120,"46,28,235","3,25,736","2,89,051",07-01-2015,2015,Musical
HA-ASH - Lo Aprendí de Ti (Primera Fila - Hecho Realidad [En Vivo]),HaAshVEVO,1151005421,"30,83,305","2,07,115","67,754",06-03-2015,2015,Musical
twenty one pilots - Ride (Official Video),twenty one pilots,1150215945,"85,42,468","1,93,692","3,01,836",13-05-2015,2015,Musical
Lukas Graham - 7 Years [Official Music Video],Lukas Graham,1148369435,"79,37,376","2,38,754","2,99,009",15-12-2015,2015,Musical
Ed Sheeran - Photograph (Official Music Video),Ed Sheeran,1123381100,"57,26,818","1,56,448","1,62,329",10-05-2015,2015,Musical
OMI - Cheerleader (Felix Jaehn Remix) [Official Video],Ultra Music,1104659319,"61,82,926","2,35,811","1,90,589",08-04-2015,2015,Musical
Wheels On The Bus | Part 8 | Learn with Little Baby Bum | Nursery Rhymes for Babies | ABCs and 123s,Little Baby Bum - Nursery Rhymes & Kids Songs,1101539988,"33,09,190","28,41,006",11,22-07-2015,2015,Non-Musical
Eminem - Lose Yourself [HD],msvogue23,1094637313,"68,97,173","1,93,498","2,45,683",07-08-2015,2015,Musical
GIANT Lightning McQueen Egg Surprise with 100+ Disney Cars Toys,Ryan's World,1069532675,"12,33,992","6,80,494",NULL,01-07-2015,2015,Non-Musical
The Finger Family Song | ChuChu TV Nursery Rhymes & Songs For Children,ChuChu TV Nursery Rhymes & Kids Songs,1036060682,"17,05,758","11,60,373",NULL,20-03-2015,2015,Non-Musical
Chino & Nacho - Me Voy Enamorando ft. Farruko (Remix) (Official Music Video),ChinoNachoVEVO,1009439464,"27,63,115","1,58,977","83,946",07-05-2015,2015,Musical
Maluma - Borro Cassette (Official Video),MalumaVEVO,1002006314,2700000,170000,112000,28-08-2015,2015,Musical
Baby Shark Dance | #babyshark Most Viewed Video | Animal Songs | PINKFONG Songs for Children,Pinkfong! Kids' Songs & Stories,8822872917,"2,87,34,003","1,30,56,967",NULL,17-06-2016,2016,Non-Musical
Johny Johny Yes Papa 👶 THE BEST Song for Children | LooLoo Kids,LooLoo Kids - Nursery Rhymes and Children's Songs,5478980753,"1,56,60,293","1,04,59,894","46,959",08-10-2016,2016,Non-Musical
The Chainsmokers - Closer (Lyric) ft. Halsey,ChainsmokersVEVO,2680013639,"1,20,00,300","5,23,617","3,80,882",29-07-2016,2016,Musical
Charlie Puth - We Don't Talk Anymore (feat. Selena Gomez) [Official Video],Charlie Puth,2664679460,"1,17,24,453","3,71,320","3,81,616",02-08-2016,2016,Musical
Shakira - Chantaje (Official Video) ft. Maluma,shakiraVEVO,2657016864,"93,74,422","7,64,706","4,00,715",18-11-2016,2016,Musical
Clean Bandit - Rockabye (feat. Sean Paul & Anne-Marie) [Official Video],Clean Bandit,2538833664,"1,15,06,873","5,16,227","2,88,854",21-10-2016,2016,Musical
Calvin Harris - This Is What You Came For (Official Video) ft. Rihanna,CalvinHarrisVEVO,2482519867,"94,92,390","5,23,934","3,09,506",17-06-2016,2016,Musical
Fifth Harmony - Work from Home (Official Video) ft. Ty Dolla $ign,FifthHarmonyVEVO,2457374037,"1,04,30,789","6,25,942","4,68,025",26-02-2016,2016,Musical
Shawn Mendes - Treat You Better,ShawnMendesVEVO,2095941964,"95,04,960","3,18,801","2,61,809",12-07-2016,2016,Musical
Marshmello - Alone (Official Music Video),Marshmello,2070283252,"2,08,30,515","7,54,549","9,77,731",02-07-2016,2016,Musical
HUGE EGGS Surprise Toys Challenge with Inflatable water slide,Ryan's World,2045218466,"26,85,096","14,75,815",NULL,13-04-2016,2016,Non-Musical
LA VACA LOLA canciones infantiles,toycantando,2007611353,"54,80,535","32,52,810","33,006",13-04-2016,2016,Musical
This Is The Way | Kids Songs | Super Simple Songs,Super Simple Songs - Kids Songs,1945490474,"46,93,092","33,81,872","3,581",08-06-2016,2016,Non-Musical
Ariana Grande ft. Nicki Minaj - Side To Side (Official Video) ft. Nicki Minaj,ArianaGrandeVevo,1913072823,"1,04,66,314","5,67,844","5,15,476",30-08-2016,2016,Musical
The Weeknd - Starboy ft. Daft Punk (Official Video),TheWeekndVEVO,1900879845,"86,81,626","5,28,374","3,72,963",28-09-2016,2016,Musical
The Chainsmokers - Don't Let Me Down (Official Video) ft. Daya,ChainsmokersVEVO,1711479775,"1,02,94,386","3,26,566","2,76,654",29-04-2016,2016,Musical
Ricky Martin - Vente Pa' Ca (Official Video) ft. Maluma,RickyMartinVEVO,1709966146,"37,66,534","3,98,951","1,27,587",22-09-2016,2016,Musical
twenty one pilots: Heathens (from Suicide Squad: The Album) [OFFICIAL VIDEO],Fueled By Ramen,1687960763,"1,26,02,965","3,31,841","4,64,886",21-06-2016,2016,Musical
CNCO - Reggaetón Lento (Bailemos),CNCOVEVO,1646105625,"58,87,200","5,05,116","3,49,589",07-10-2016,2016,Musical
Sia - Cheap Thrills (Lyric Video) ft. Sean Paul,SiaVEVO,1634758054,"75,48,974","2,89,285","1,81,921",11-02-2016,2016,Musical
Chino y Nacho - Andas En Mi Cabeza ft. Daddy Yankee (Video Oficial),ChinoNachoVEVO,1597715212,"40,80,945","3,04,397","1,73,393",20-04-2016,2016,Musical
Daddy Yankee - Shaky Shaky (Video Oficial),Daddy Yankee,1564088967,"51,54,164","6,00,455","2,42,279",15-07-2016,2016,Musical
22. Hasta el Amanecer - Nicky Jam | Video Oficial,NickyJamTV,1484986172,"42,78,354","2,68,764","1,66,677",15-01-2016,2016,Musical
Danny Ocean - Me Rehúso (Official Audio),Danny Ocean,1482038812,"46,47,142","3,25,873","1,67,038",18-09-2016,2016,Musical
Coldplay - Hymn For The Weekend (Official Video),Coldplay,1479699771,"93,30,509","2,51,712","3,12,284",29-01-2016,2016,Musical
"Carlos Vives, Shakira - La Bicicleta",CarlosVivesVEVO,1447393437,"38,19,697","3,85,056","1,63,422",08-07-2016,2016,Musical
"CAN'T STOP THE FEELING! (From DreamWorks Animation's ""Trolls"") (Official Video)",justintimberlakeVEVO,1415369113,"54,89,112","3,47,029","1,76,224",17-05-2016,2016,Musical
Bruno Mars - 24K Magic (Official Music Video),Bruno Mars,1404985298,"69,46,551","3,79,951","2,38,266",07-10-2016,2016,Musical
Mike Posner - I Took A Pill In Ibiza (Seeb Remix) (Explicit),MikePosnerVEVO,1370878324,"67,25,063","3,00,192","2,20,889",27-02-2016,2016,Musical
Rag'n'Bone Man - Human (Official Video),RagnBoneManVEVO,1309577919,"86,96,099","2,58,015","1,98,833",21-07-2016,2016,Musical
Hindi : Nani Teri Morni Ko Mor Le Gaye (नानी तेरी मोरनी),Jingle Toons,1302198655,"44,75,665","28,72,922","32,960",11-03-2016,2016,Non-Musical
James Arthur - Say You Won't Let Go,JamesAVEVO,1297838589,"69,39,951","1,75,392","1,68,940",09-09-2016,2016,Musical
Biper y sus Amigos - El Patito Juan,Biper y sus Amigos,1252881549,NULL,NULL,5,04-11-2016,2016,Non-Musical
Maluma - El Perdedor (Official Video),MalumaVEVO,1228289007,"29,44,560","1,99,846","1,12,990",22-04-2016,2016,Musical
BLACKPINK - '붐바야'(BOOMBAYAH) M/V,BLACKPINK,1210418053,"1,20,02,357","5,73,138","10,37,859",08-08-2016,2016,Musical
�� Five Little Ducks 🦆 THE BEST Song for Children | LooLoo Kids,LooLoo Kids - Nursery Rhymes and Children's Songs,1206221895,"42,43,047","37,66,619","2,367",12-10-2016,2016,Non-Musical
Rihanna - Work (Explicit) ft. Drake,RihannaVEVO,1197877303,"70,63,700","6,04,282","3,89,661",22-02-2016,2016,Musical
Alan Walker - Alone,Alan Walker,1184493544,"96,95,568","2,14,881","4,09,890",02-12-2016,2016,Musical
MC Kevinho - Olha a Explosão (KondZilla) | Official Music Video,Canal KondZilla,1146439485,"77,97,972","5,50,479","2,75,887",26-12-2016,2016,Musical
Mile Ho Tum - Reprise Version | Neha Kakkar | Tony Kakkar | Fever,Zee Music Company,1136582918,"64,41,851","6,47,562","3,69,610",27-07-2016,2016,Musical
Arcangel x Bad Bunny X Dj Luian X Mambo Kingz - Tu No Vive Asi [Video oficial],Hear This Music,1120612460,"50,09,874","3,90,596","2,22,347",02-10-2016,2016,Musical
Migos - Bad and Boujee ft Lil Uzi Vert [Official Video],Migos ATL,1067305584,"64,15,094","4,35,901","2,45,094",31-10-2016,2016,Musical
Zion & Lennox ft. J Balvin - Otra Vez (Video Oficial),Zion & Lennox,1065860691,"24,87,349","1,50,558","73,841",05-08-2016,2016,Musical
ZAYN - PILLOWTALK (Official Music Video),ZaynVEVO,1062303955,"76,84,525","5,13,139","4,72,728",29-01-2016,2016,Musical
La canción del baño | Canciones infantiles | LittleBabyBum,Little Baby Bum en Español,1052460684,"19,13,285","11,59,466",NULL,27-01-2016,2016,Non-Musical
Maluma - Sin Contrato (Official Video),MalumaVEVO,1027794990,"20,55,311","1,65,167","70,358",26-08-2016,2016,Musical
Enrique Iglesias - DUELE EL CORAZON ft. Wisin,EnriqueIglesiasVEVO,1020394557,"36,20,477","2,05,270","1,07,760",13-05-2016,2016,Musical
아기상어 체조 | Baby Shark Dance | 상어가족 체조 | 핑크퐁 체조 | 핑크퐁! 인기동요,핑크퐁 (인기 동요・동화),1014524902,"35,19,033","23,19,309",772,03-06-2016,2016,Non-Musical
Major Lazer - Cold Water (feat. Justin Bieber & MØ) (Official Lyric Video),Major Lazer Official,1007840253,"44,64,914","1,71,285","2,29,865",22-07-2016,2016,Musical
Luis Fonsi - Despacito ft. Daddy Yankee,LuisFonsiVEVO,7408240789,"4,46,42,888","50,64,200","40,88,965",13-01-2017,2017,Musical
Ed Sheeran - Shape of You (Official Music Video),Ed Sheeran,5355330231,"2,71,14,351","13,56,996","10,83,549",30-01-2017,2017,Musical
"J Balvin, Willy William - Mi Gente (Official Video)",jbalvinVEVO,2932624016,"1,56,54,319","9,32,479","5,17,544",30-06-2017,2017,Musical
Ed Sheeran - Perfect (Official Music Video),Ed Sheeran,2874488140,"1,55,34,626","5,65,868","4,40,128",09-11-2017,2017,Musical
Dua Lipa - New Rules (Official Music Video),Dua Lipa,2459271786,"1,44,16,718","6,33,214","3,65,196",07-07-2017,2017,Musical
Natti Natasha ❌ Ozuna - Criminal [Official Video],Natti Natasha,2243970775,"71,01,937","7,35,040","2,58,083",18-08-2017,2017,Musical
"Luis Fonsi, Demi Lovato - Échame La Culpa (Video Oficial)",LuisFonsiVEVO,2127157792,"93,04,867","6,93,570","3,37,770",17-11-2017,2017,Musical
Hush a Bye Baby | Lullaby for Babies | Infobells,infobells,2102440736,"56,69,301","38,98,425","35,471",16-09-2017,2017,Musical
"Becky G, Bad Bunny - Mayores (Official Video)",BeckyGVEVO,2007348097,"67,42,336","7,30,300","3,15,149",14-07-2017,2017,Musical
The Chainsmokers & Coldplay - Something Just Like This (Lyric),ChainsmokersVEVO,1965618188,"91,08,384","3,41,776","2,60,805",22-02-2017,2017,Musical
Imagine Dragons - Believer,ImagineDragonsVEVO,1934472417,"1,69,58,734","4,83,399","5,69,921",07-03-2017,2017,Musical
Bruno Mars - That’s What I Like (Official Music Video),Bruno Mars,1881498109,"1,09,24,405","5,11,251","3,63,477",02-03-2017,2017,Musical
UPA CAVALINHO - Galinha Pintadinha 4 - OFICIAL,Galinha Pintadinha,1799713118,"52,67,696","25,71,375","33,235",07-07-2017,2017,
Camila Cabello - Havana (Audio) ft. Young Thug,CamilaCabelloVEVO,1799354991,"96,48,960","4,80,350","4,40,370",03-08-2017,2017,
Baby Shark | CoComelon Nursery Rhymes & Kids Songs,Cocomelon - Nursery Rhymes,1796303022,"41,29,255","28,74,353",118,21-11-2017,2017,
Talking Angela - Summer Fun at the Beach with Talking Tom (Shorts Combo),Talking Angela,1716332219,"46,86,358","23,07,077","36,735",30-06-2017,2017,
Maluma - Felices los 4 (Official Video),MalumaVEVO,1708092725,"59,02,154","6,36,265","2,53,164",21-04-2017,2017,
Imagine Dragons - Thunder,ImagineDragonsVEVO,1683662157,"1,01,96,087","4,72,721","3,54,012",03-05-2017,2017,
ZAYN - Dusk Till Dawn (Official Video) ft. Sia,ZaynVEVO,1646195000,"1,14,97,611","3,17,822","3,68,124",07-09-2017,2017,
Piso 21 - Déjala Que Vuelva (feat. Manuel Turizo) [Video Oficial],Piso 21,1644458681,"32,71,398","2,58,350","68,874",20-10-2017,2017,
MC Fioti - Bum Bum Tam Tam (KondZilla) | Official Music Video,Canal KondZilla,1641353943,"1,27,77,279","8,42,956","4,00,059",08-03-2017,2017,
Jason Derulo - Swalla (feat. Nicki Minaj & Ty Dolla $ign) [Official Music Video],Jason Derulo,1611739665,"86,82,042","7,37,873","2,53,635",17-03-2017,2017,
"DJ Khaled - I'm The One ft. Justin Bieber, Quavo, Chance the Rapper, Lil Wayne",DJKhaledVEVO,1546576638,"92,03,006","7,17,654","3,88,999",28-04-2017,2017,
Maluma - Corazón (Official Video) ft. Nego do Borel,MalumaVEVO,1539620254,"52,23,895","5,14,213","2,13,113",08-12-2017,2017,
Una Lady Como Tú - MTZ Manuel Turizo | Video Oficial,MTZ Manuel Turizo,1489282622,"46,98,615","3,09,428","1,52,101",16-03-2017,2017,
Ozuna - Se Preparó (Video Oficial) | Odisea,Ozuna,1443903994,"53,03,625","3,97,160","1,86,268",10-08-2017,2017,
"Carlos Vives, Sebastián Yatra - Robarte un Beso (Official Video)",CarlosVivesVEVO,1434530787,"39,20,311","2,69,289","1,10,844",28-07-2017,2017,
Wisin - Escápate Conmigo (Official Video) ft. Ozuna,wisinofficalVEVO,1366750852,"36,14,299","3,09,763","91,760",31-03-2017,2017,
El Amante - Nicky Jam (Video Oficial) (Álbum Fénix),NickyJamTV,1354609602,"38,01,206","3,43,467","1,21,199",16-01-2017,2017,
Post Malone - Congratulations ft. Quavo,PostMaloneVEVO,1354205271,"81,17,213","3,99,265","2,65,786",23-01-2017,2017,
"Enrique Iglesias - SUBEME LA RADIO (Official Video) ft. Descemer Bueno, Zion & Lennox",EnriqueIglesiasVEVO,1340611235,"55,63,503","3,98,726","1,59,294",24-02-2017,2017,
Johny Johny Yes Papa Nursery Rhyme | Part 3 - 3D Animation Rhymes & Songs for Children,CVS 3D Rhymes & Kids Songs,1338347229,"23,73,482","14,35,504","27,502",26-01-2017,2017,
"""No No"" Bedtime Song | CoComelon Nursery Rhymes & Kids Songs",Cocomelon - Nursery Rhymes,1333188221,"33,86,440","23,95,962","19,283",12-07-2017,2017,
BTS (방탄소년단) 'DNA' Official MV,HYBE LABELS,1293507215,"1,95,41,506","9,99,370","64,03,951",18-09-2017,2017,
Sam Smith - Too Good At Goodbyes (Official Video),SamSmithVEVO,1269581451,"59,79,591","2,45,378","1,30,697",18-09-2017,2017,
"Chris Jeday - Ahora Dice (Official Video) ft. J. Balvin, Ozuna, Arcángel",ChrisJedayVEVO,1265196399,"42,93,713","2,93,747","1,54,716",20-03-2017,2017,
Charlie Puth - Attention [Official Video],Charlie Puth,1259990671,"87,40,866","2,29,006","2,28,775",24-04-2017,2017,
Taylor Swift - Look What You Made Me Do,TaylorSwiftVEVO,1255143525,"1,09,31,047","13,24,420","7,48,074",28-08-2017,2017,
French Montana - Unforgettable ft. Swae Lee,FrenchMontanaVEVO,1247875349,"58,92,194","3,04,640","1,47,352",14-04-2017,2017,
Twinkle Twinkle Little Star | CoComelon Nursery Rhymes & Kids Songs,Cocomelon - Nursery Rhymes,1237870283,"36,79,986","27,87,388",66,06-12-2017,2017,
Johny Johny Si Papa | Johny yes Papa in Spanish | Canciones Infantiles,FAMA JAMA,1222337257,"35,80,264","20,25,799",NULL,28-06-2017,2017,
El Baile del Sapito - Las Canciones Dela Granja - Canciones infantiles dela granja,Cartoon Studio,1177509453,"29,20,373","17,48,350","16,448",11-05-2017,2017,
Katy Perry - Bon Appétit (Official) ft. Migos,KatyPerryVEVO,1125247217,"66,12,114","11,15,846","3,64,555",12-05-2017,2017,
Lil Pump - Gucci Gang [Official Music Video],Lil pump,1102993869,"1,14,45,402","17,27,948","7,79,222",23-10-2017,2017,
Christian Nodal - Adiós Amor (Video Oficial),ChristianNodalVEVO,1087502159,"33,31,351","2,84,963","1,12,653",13-01-2017,2017,
Clean Bandit - Symphony (feat. Zara Larsson) [Official Video],Clean Bandit,1070570278,"62,85,207","2,30,220","1,80,360",17-03-2017,2017,
Guru Randhawa: High Rated Gabru Official Song | DirectorGifty | Bhushan Kumar | T-Series,T-Series,1065636634,"51,27,382","5,03,089","4,19,406",04-07-2017,2017,
Mausam Hua Garam | Hindi Rhymes for Children | Infobells,Infobells - Hindi,1044368614,"27,62,403","21,35,570","2,401",14-04-2017,2017,
BLACKPINK - '마지막처럼 (AS IF IT'S YOUR LAST)' M/V,BLACKPINK,1031491922,"1,01,69,345","4,08,993","16,50,235",22-06-2017,2017,
"DJ Khaled - Wild Thoughts (Official Video) ft. Rihanna, Bryson Tiller",DJKhaledVEVO,1029522049,"53,20,360","3,30,937","1,49,148",16-06-2017,2017,
Shawn Mendes - There's Nothing Holdin' Me Back,ShawnMendesVEVO,1000665207,7100000,165000,201000,21-06-2017,2017,
Bebe Rexha - Meant to Be (feat. Florida Georgia Line) [Official Music Video],Bebe Rexha,1000377457,"44,99,651","2,52,339","1,02,793",23-10-2017,2017,
Bath Song | CoComelon Nursery Rhymes & Kids Songs,Cocomelon - Nursery Rhymes,4176950923,"1,05,30,313","74,60,252","15,532",02-05-2018,2018,
Учим цвета-Разноцветные яйца на ферме Miroshka Tv,Мирошка ТВ,4170670671,"1,17,92,462","77,87,049",NULL,27-02-2018,2018,
El Chombo - Dame Tu Cosita feat. Cutty Ranks (Official Video) [Ultra Music],Ultra Music,3399557400,"1,34,42,695","45,68,581","6,27,095",05-04-2018,2018,
Wheels on the Bus | CoComelon Nursery Rhymes & Kids Songs,Cocomelon - Nursery Rhymes,3089518346,"89,44,794","59,65,521","31,281",24-05-2018,2018,
Maroon 5 - Girls Like You ft. Cardi B (Official Music Video),Maroon5VEVO,3050022069,"1,89,18,037","7,74,861","6,56,300",31-05-2018,2018,
Yes Yes Vegetables Song | CoComelon Nursery Rhymes & Kids Songs,Cocomelon - Nursery Rhymes,2680012658,"59,31,363","38,44,120","15,417",10-08-2018,2018,
Baa Baa Black Sheep | CoComelon Nursery Rhymes & Kids Songs,Cocomelon - Nursery Rhymes,2668299872,"63,67,379","47,40,765","7,201",25-06-2018,2018,
हम्प्टी ट्रैन और उसके फल दोस्तों से मिलिए | Humpty the train on a fruits ride | Kiddiestv Hindi,Kiddiestv Hindi,2583838009,"73,68,915","55,76,068","7,524",26-01-2018,2018,
लकड़ी की काठी | Lakdi ki kathi | Popular Hindi Children Songs | Animated Songs by JingleToons,Jingle Toons,2448449183,"82,61,857","61,44,448","21,843",14-06-2018,2018,
"Pedro Capó, Farruko - Calma (Remix - Official Video)",capoVEVO,2282123776,"1,09,53,753","8,52,678","3,45,255",05-10-2018,2018,
"Casper, Nio García, Darell, Nicky Jam, Bad Bunny, Ozuna - Te Bote Remix (Video Oficial)",Flow La Movie,2264189639,"95,14,539","9,03,799","4,84,254",11-04-2018,2018,
Baby Shark | Kids Songs and Nursery Rhymes | Animal Songs from Bounce Patrol,Bounce Patrol - Kids Songs,2189298027,"58,32,487","38,65,589","31,400",12-05-2018,2018,
"DJ Snake - Taki Taki ft. Selena Gomez, Ozuna, Cardi B (Official Music Video)",DJSnakeVEVO,2122191513,"1,60,74,631","9,47,221","5,37,461",10-10-2018,2018,
Nicky Jam x J. Balvin - X (EQUIS) | Video Oficial | Prod. Afro Bros & Jeon,NickyJamTV,1998115024,"89,84,399","6,14,276","2,62,348",02-03-2018,2018,
"Becky G, Natti Natasha - Sin Pijama (Official Video)",BeckyGVEVO,1913991666,"76,09,382","7,69,978","3,57,814",20-04-2018,2018,
Daddy Yankee - Dura (Video Oficial),Daddy Yankee,1751722927,"78,33,672","6,76,004","2,80,260",18-01-2018,2018,
Yes Yes Playground Song | CoComelon Nursery Rhymes & Kids Songs,Cocomelon - Nursery Rhymes,1622264721,"34,20,727","24,38,282","11,927",23-10-2018,2018,
BLACKPINK - ‘뚜두뚜두 (DDU-DU DDU-DU)’ M/V,BLACKPINK,1616477777,"1,80,86,479","10,13,050","25,10,232",15-06-2018,2018,
Ozuna x Romeo Santos - El Farsante (Remix) (Video Oficial),Ozuna,1612881390,"48,70,293","4,79,968","1,62,908",30-01-2018,2018,
Sick Song | CoComelon Nursery Rhymes & Kids Songs,Cocomelon - Nursery Rhymes,1576072617,"32,19,587","20,96,722","8,854",20-07-2018,2018,
"Post Malone, Swae Lee - Sunflower (Spider-Man: Into the Spider-Verse)",PostMaloneVEVO,1496009486,"1,03,01,455","3,63,411","3,00,370",18-10-2018,2018,
Bath Song + More Nursery Rhymes & Kids Songs - CoComelon,Cocomelon - Nursery Rhymes,1455173047,"45,74,419","30,84,856","18,556",04-06-2018,2018,
Liova and superhero play sports and want to be strong with toy wheels,Liova and Toys,1413019780,"38,15,236","26,53,378",NULL,06-02-2018,2018,
Deck the Halls - Christmas Song for Kids | CoComelon Nursery Rhymes & Kids Songs,Cocomelon - Nursery Rhymes,1401667225,"31,31,928","20,63,888","5,026",11-12-2018,2018,
"Cardi B, Bad Bunny & J Balvin - I Like It [Official Music Video]",Cardi B,1362219837,"91,84,699","5,47,877","3,18,586",29-05-2018,2018,
Yes Yes Vegetables Song + More Nursery Rhymes & Kids Songs - CoComelon,Cocomelon - Nursery Rhymes,1323667414,"48,90,095","32,45,243","12,978",07-09-2018,2018,
Wheels on the Bus + More Nursery Rhymes & Kids Songs - CoComelon,Cocomelon - Nursery Rhymes,1314892314,"39,19,720","26,82,078","8,785",28-06-2018,2018,
Drake - God's Plan,DrakeVEVO,1314806561,"1,36,05,218","4,82,762","6,07,804",17-02-2018,2018,
"Laung Laachi Title Song Mannat Noor | Ammy Virk, Neeru Bajwa,Amberdeep | Latest Punjabi Movie 2018",T-Series Apna Punjab,1306655543,"50,44,485","7,36,808","2,61,063",21-02-2018,2018,
Los Ángeles Azules - Nunca Es Suficiente ft. Natalia Lafourcade (Live),LosAngelesAzulesVEVO,1293091230,"35,22,128","3,61,174","1,49,942",20-04-2018,2018,
"Thalia, Natti Natasha - No Me Acuerdo (Official Video)",ThaliaVEVO,1257909810,"40,27,742","4,57,151","2,39,220",01-06-2018,2018,
BEBE - 6ix9ine Ft. Anuel AA (Prod. By Ronny J) (Official Music Video),Tekashi 6ix9ine,1255729252,"73,71,450","8,72,091","4,73,562",31-08-2018,2018,
Esmanın Sihirli İçecekleri,Family GamesTV,1253636773,NULL,NULL,NULL,17-03-2018,2018,
أغنية هالصيصان شو حلوين 2018,Katakit Baby TV,1244186440,"52,93,206","25,03,959","31,621",05-01-2018,2018,
"Billie Eilish, Khalid - lovely",BillieEilishVEVO,1243483793,"1,81,27,577","2,59,471","4,84,425",26-04-2018,2018,
Diana and her Barbie car - Camping adventure,✿ Kids Diana Show,1207655434,"36,61,245","20,72,281",NULL,03-10-2018,2018,
Prenses Esmanın Sihirli Balonları,Family GamesTV,1196233449,NULL,NULL,NULL,03-08-2018,2018,
BAD BUNNY x DRAKE - MÍA (Video Oficial),Bad Bunny,1191744980,"66,11,265","3,47,799","2,00,267",11-10-2018,2018,
Tyga - Taste (Official Video) ft. Offset,TygaVEVO,1188309051,"60,93,008","3,37,035","1,28,275",16-05-2018,2018,
Old MacDonald | CoComelon Nursery Rhymes & Kids Songs,Cocomelon - Nursery Rhymes,1163368609,"41,70,495","32,50,651","2,703",18-04-2018,2018,
Learn colors with Balloons ! Kids and daddy have fun playtime with color song !,Ya - Alisa,1162372775,NULL,NULL,NULL,22-01-2018,2018,
"Alex Rose ft. Cazzu, Lenny Tavarez, Lyanno & Rauw Alejandro - Toda (Remix) [Video Oficial]",Alex Rose,1152431068,"35,96,501","2,15,548","79,139",01-06-2018,2018,
"Lady Gaga, Bradley Cooper - Shallow (from A Star Is Born) (Official Music Video)",LadyGagaVEVO,1133585737,"65,67,803","2,15,509","1,83,064",27-09-2018,2018,
Yes Yes Bedtime Song | CoComelon Nursery Rhymes & Kids Songs,Cocomelon - Nursery Rhymes,1127467600,"28,65,359","21,78,341","1,956",18-09-2018,2018,
XXXTENTACION - SAD!,XXXTENTACION,1067629691,"1,18,42,821","2,18,456","12,76,651",02-03-2018,2018,
"SIMMBA: Aankh Marey Lyrical | Ranveer Singh, Sara Ali Khan | Tanishk Bagchi, Mika Singh,Neha,Kumar S",T-Series,1067160571,"27,78,235","9,29,628","78,613",11-12-2018,2018,
"DILBAR Lyrical | Satyameva Jayate |John Abraham, Nora Fatehi,Tanishk B, Neha Kakkar,Dhvani, Ikka",T-Series,1058725155,"39,95,047","5,61,629","1,74,022",09-07-2018,2018,
Balloon Boat Race | CoComelon Nursery Rhymes & Kids Songs,Cocomelon - Nursery Rhymes,1039739066,"37,33,081","27,64,791","4,966",13-03-2018,2018,
Ariana Grande - no tears left to cry (Official Video),ArianaGrandeVevo,1021508884,"74,67,630","3,23,948","4,41,570",20-04-2018,2018,
Halloween Baby Shark | Kids Songs and Nursery Rhymes | Halloween Songs from Bounce Patrol,Bounce Patrol - Kids Songs,1016885881,"19,27,369","13,90,661","12,703",13-10-2018,2018,
Vaina Loca - Ozuna x Manuel Turizo (Video Oficial),Ozuna,1012951431,"34,33,945","2,21,502","92,963",28-06-2018,2018,
Swimming Song + More Nursery Rhymes & Kids Songs - CoComelon,Cocomelon - Nursery Rhymes,1007737088,"29,32,147","19,50,631","5,750",26-10-2018,2018,
"Crushing Crunchy & Soft Things by Car! - Floral Foam, Squishy, Tide Pods and More!",HelloMaphie,1003144088,"22,33,349","11,34,718","68,225",11-11-2018,2018,
Daddy Yankee & Snow - Con Calma (Video Oficial),Daddy Yankee,2296789551,"1,10,94,401","8,34,993","3,70,938",24-01-2019,2019,
"ROSALÍA, J Balvin - Con Altura (Official Video) ft. El Guincho",RosaliaVEVO,1819019826,"80,62,418","7,84,847","2,77,105",28-03-2019,2019,
"Jhay Cortez, J. Balvin, Bad Bunny - No Me Conoce (Remix)",JhayCortezVEVO,1497651303,"45,68,066","2,84,664","96,294",17-05-2019,2019,
Beach Song + More Nursery Rhymes & Kids Songs - CoComelon,Cocomelon - Nursery Rhymes,1357124148,"44,46,845","28,84,669","8,331",02-08-2019,2019,
CHOTU KE GOLGAPPE | छोटू के गोलगप्पे | Khandesh Hindi Comedy | Chotu Comedy Video,KHANDESHI MOVIES,1328525586,"43,90,444","17,52,847","71,307",27-01-2019,2019,
BLACKPINK - 'Kill This Love' M/V,BLACKPINK,1326382942,"1,96,28,970","11,77,286","23,74,882",04-04-2019,2019,
Diana - LIKE IT - Kids Song (Official Video),✿ Kids Diana Show,1309937634,"44,80,154","17,43,650",NULL,18-01-2019,2019,
BTS (방탄소년단) '작은 것들을 위한 시 (Boy With Luv) (feat. Halsey)' Official MV,HYBE LABELS,1273186869,"2,30,07,110","12,42,423","61,91,963",12-04-2019,2019,
"Shawn Mendes, Camila Cabello - Señorita",ShawnMendesVEVO,1259515941,"1,77,25,662","5,34,486","6,34,125",21-06-2019,2019,
"Vaaste Song: Dhvani Bhanushali, Tanishk Bagchi | Nikhil D | Bhushan Kumar | Radhika Rao, Vinay Sapru",T-Series,1223947143,"97,85,889","7,92,313","3,17,455",06-04-2019,2019,
"Maari 2 - Rowdy Baby (Video Song) | Dhanush, Sai Pallavi | Yuvan Shankar Raja | Balaji Mohan",Wunderbar Studios,1174139234,"49,22,221","7,83,983","2,59,000",02-01-2019,2019,
"Anuel AA, KAROL G - Secreto",AnuelVEVO,1167706851,"60,13,213","4,17,800","2,45,532",15-01-2019,2019,
Billie Eilish - bad guy,BillieEilishVEVO,1105362075,"1,64,24,185","10,51,678","8,35,129",29-03-2019,2019,
The Boo Boo Song | CoComelon Nursery Rhymes & Kids Songs,Cocomelon - Nursery Rhymes,1061619035,"28,34,682","18,99,186","6,224",09-04-2019,2019,
Ariana Grande - 7 rings (Official Video),ArianaGrandeVevo,1009854739,"1,31,69,399","5,54,101","7,14,030",18-01-2019,2019,
Future - Life is good (Official Music Video) ft Drake,Future,1936695188,8900000,863000,229216,09-01-2020,2020,
BTS 'Dynamite' Official MV,HYBE LABELS,1173375949,2900000,160000,15625102,20-08-2020,2020,
52 Gaj Ka Daman,Desi Records,1071630202,5400000,100000,125907,01-10-2020,2020,
,,,,,,,,
,,,,,,,,
,,,,,,,,
,,,,,,,,
,,,,,,,,
,,,,,,,,
,,,,,,,,
,,,,,,,,
,,,,,,,,
,,,,,,,,
,,,,,,,,
,,,,,,,,
,,,,,,,,
,,,,,,,,
,,,,,,,,
,,,,,,,,
,,,,,,,,
,,,,,,,,
,,,,,,,,
,,,,,,,,
,,,,,,,,
,,,,,,,,
,,,,,,,,
,,,,,,,,
,,,,,,,,
,,,,,,,,
,,,,,,,,
,,,,,,,,
,,,,,,,,
,,,,,,,,
,,,,,,,,
,,,,,,,,
,,,,,,,,
,,,,,,,,
,,,,,,,,
,,,,,,,,
,,,,,,,,
,,,,,,,,
,,,,,,,,
,,,,,,,,
,,,,,,,,
,,,,,,,,
,,,,,,,,
,,,,,,,,
,,,,,,,,
,,,,,,,,
,,,,,,,,
,,,,,,,,
,,,,,,,,
,,,,,,,,
,,,,,,,,
,,,,,,,,
,,,,,,,,
,,,,,,,,
,,,,,,,,
,,,,,,,,
,,,,,,,,
,,,,,,,,
,,,,,,,,
,,,,,,,,
,,,,,,,,
,,,,,,,,
,,,,,,,,
,,,,,,,,
,,,,,,,,
,,,,,,,,
,,,,,,,,
,,,,,,,,
,,,,,,,,
,,,,,,,,
,,,,,,,,
,,,,,,,,
,,,,,,,,
,,,,,,,,
,,,,,,,,
,,,,,,,,
,,,,,,,,
,,,,,,,,
,,,,,,,,
,,,,,,,,
,,,,,,,,
,,,,,,,,
,,,,,,,,
,,,,,,,,
,,,,,,,,
,,,,,,,,
,,,,,,,,
,,,,,,,,
,,,,,,,,
,,,,,,,,
,,,,,,,,
,,,,,,,,
,,,,,,,,
,,,,,,,,
,,,,,,,,
,,,,,,,,
,,,,,,,,
,,,,,,,,
,,,,,,,,
,,,,,,,,
,,,,,,,,
,,,,,,,,
,,,,,,,,
,,,,,,,,
,,,,,,,,
,,,,,,,,
,,,,,,,,
,,,,,,,,
,,,,,,,,
,,,,,,,,
,,,,,,,,
,,,,,,,,
,,,,,,,,
,,,,,,,,
,,,,,,,,
,,,,,,,,
,,,,,,,,
,,,,,,,,
,,,,,,,,
,,,,,,,,
,,,,,,,,
,,,,,,,,
,,,,,,,,
,,,,,,,,
,,,,,,,,
,,,,,,,,
,,,,,,,,
,,,,,,,,
,,,,,,,,
,,,,,,,,
,,,,,,,,
,,,,,,,,
,,,,,,,,
,,,,,,,,
,,,,,,,,
,,,,,,,,
,,,,,,,,
,,,,,,,,
,,,,,,,,
,,,,,,,,
,,,,,,,,
,,,,,,,,
,,,,,,,,
,,,,,,,,
,,,,,,,,
,,,,,,,,
,,,,,,,,
,,,,,,,,
,,,,,,,,
,,,,,,,,
,,,,,,,,
,,,,,,,,
,,,,,,,,
,,,,,,,,
,,,,,,,,
,,,,,,,,
,,,,,,,,
,,,,,,,,
,,,,,,,,
,,,,,,,,
,,,,,,,,
,,,,,,,,
,,,,,,,,
,,,,,,,,
,,,,,,,,
,,,,,,,,
,,,,,,,,
,,,,,,,,
,,,,,,,,
,,,,,,,,
,,,,,,,,
,,,,,,,,
,,,,,,,,
,,,,,,,,
,,,,,,,,
,,,,,,,,
,,,,,,,,
,,,,,,,,
,,,,,,,,
,,,,,,,,
,,,,,,,,
,,,,,,,,
,,,,,,,,
,,,,,,,,
,,,,,,,,
,,,,,,,,
,,,,,,,,
,,,,,,,,
,,,,,,,,
,,,,,,,,
,,,,,,,,
,,,,,,,,
,,,,,,,,
,,,,,,,,
,,,,,,,,
,,,,,,,,
,,,,,,,,
,,,,,,,,
,,,,,,,,
,,,,,,,,
,,,,,,,,
,,,,,,,,
,,,,,,,,
,,,,,,,,
,,,,,,,,
,,,,,,,,
,,,,,,,,
,,,,,,,,
,,,,,,,,
,,,,,,,,
,,,,,,,,
,,,,,,,,
,,,,,,,,
,,,,,,,,
,,,,,,,,
,,,,,,,,
,,,,,,,,
,,,,,,,,
,,,,,,,,
,,,,,,,,
,,,,,,,,
,,,,,,,,
,,,,,,,,
,,,,,,,,
,,,,,,,,
,,,,,,,,
,,,,,,,,
,,,,,,,,
,,,,,,,,
,,,,,,,,
,,,,,,,,
,,,,,,,,
,,,,,,,,
,,,,,,,,
,,,,,,,,
,,,,,,,,
,,,,,,,,
,,,,,,,,
,,,,,,,,
,,,,,,,,
,,,,,,,,
,,,,,,,,
,,,,,,,,
,,,,,,,,
,,,,,,,,
,,,,,,,,
,,,,,,,,
,,,,,,,,
